name,age
강윤이,11
최김정,98
윤박박,77
임강정,38
임최정,43
임조최,79
임윤장,74
김이박,94
박김장,44
최이장,68
최김최,72
이김최,67
강조김,68
임김최,82
이조윤,25
윤박이,88
김조장,13
이윤박,63
김조이,02
장강강,78
정윤김,71
김정정,55
장최박,98
임윤임,12
이정최,93
이이김,29
장윤임,76
장이강,72
강김윤,21
최조강,36
최장조,68
박강박,88
정윤박,28
정이이,55
조임최,24
박이조,64
정최김,36
박최박,17
강김이,89
강최이,51
윤정최,68
김임이,91
조강박,53
김박강,06
최조장,61
이윤장,51
이이조,21
박박조,21
임정윤,31
이김임,48
조김최,78
김장장,88
김장장,17
박조박,74
강이장,34
박이최,22
장최정,08
강이임,07
김윤박,88
김장이,54
윤김최,34
김최정,95
최최정,88
윤이박,09
조조김,22
최정조,45
장장박,67
박박윤,17
김이정,54
윤정윤,12
윤강장,92
박박강,54
조강조,62
정윤김,98
김최임,07
윤강정,55
조이박,81
강김임,58
조김장,98
박임박,71
정강윤,95
장임김,01
이임장,16
최강김,96
임장이,22
최김장,43
정조윤,83
최이장,81
장최김,75
정박조,86
박박박,63
장최임,62
강이박,01
강최조,61
장정조,38
강박임,42
윤최임,86
강정김,88
장김장,79
이장윤,72
강최조,56
강김임,69
김김박,64
정강임,22
최강장,42
박정김,16
조강조,51
김박최,67
조임강,64
최정조,53
조임조,81
장강윤,27
조윤조,82
이박강,41
강임박,88
이이박,63
최임최,29
이장김,92
김조강,58
임윤조,31
이이이,74
이정정,92
이조장,85
임김윤,23
조박정,74
박최장,07
정박최,98
정최임,55
윤장강,31
조강윤,39
김임박,63
최장정,21
박장정,89
정조김,99
김윤장,49
장최이,58
최김최,31
김윤정,03
윤장강,79
임김장,99
윤강김,14
장장임,71
정최윤,32
강장조,83
김이김,84
이정윤,14
조조이,92
이박이,01
윤강강,36
박조임,59
김강정,83
이이윤,38
이최강,79
정김최,52
박임이,83
김최강,52
임정박,69
이정박,01
김정이,44
정김김,18
박윤이,21
이임강,91
윤박김,61
강정이,18
조박정,78
김정박,27
이박강,51
이이정,16
강임박,14
최정정,16
조박정,74
정박강,25
임최최,87
장조윤,68
윤김조,79
강장장,95
임김임,25
강최윤,41
이장장,86
강정강,04
임정박,29
정강조,78
조윤윤,79
조김조,39
이박윤,68
김윤임,02
박강강,66
박임임,49
박최윤,08
조윤임,02
박조정,52
박장장,97
윤강장,19
김윤이,61
강이조,22
임조윤,74
강김조,38
이장윤,82
장이임,11
최임최,66
강최강,89
정김임,73
강정임,46
조박임,79
최강박,41
김박정,49
강조윤,93
정윤정,85
최박임,58
윤강김,58
강김장,22
임조윤,33
조박이,89
강강박,36
윤임강,53
박김윤,16
김강박,79
윤장박,99
박윤김,56
최강장,01
장김장,96
박박윤,02
장임최,59
조정강,12
박이장,37
박임이,99
박장이,45
임윤최,04
김조임,77
최김임,67
정임김,47
조정이,05
김박박,42
윤장윤,41
임임강,48
정강최,88
장김임,97
조윤윤,86
강정정,17
강강이,85
조임윤,33
박윤조,91
박박장,05
박정강,91
임강조,65
강임조,12
장윤임,92
강정조,68
강최최,08
조이임,25
조윤장,15
조이임,92
조임정,65
임윤윤,49
강최임,08
장김이,31
이박장,78
최임최,51
윤김강,44
정김장,45
강장이,38
이강장,41
조최조,74
강윤강,39
최최이,58
강장임,37
최최정,96
이윤박,27
강박이,43
장임장,76
장강정,89
조김이,63
최이강,39
임김임,54
박임장,69
박윤임,49
최김박,47
윤조강,81
정강정,67
이조박,32
이정임,81
정장조,89
최조임,28
정윤이,07
장이박,66
강최강,49
김강김,35
이정강,71
강정이,45
박임장,15
장김정,39
최조장,01
이윤강,27
최박임,89
최정임,72
박김정,16
장최최,03
조장윤,59
최박임,33
박임윤,58
박최조,69
강임강,88
강조강,65
박윤강,49
최강최,96
조강정,58
장조이,82
장장박,22
강강이,49
최최박,64
임이임,78
이이김,71
최장조,99
장이최,14
장이윤,86
김최임,22
이임최,12
박정박,57
윤임박,73
이임장,42
박박이,31
정정이,07
정이정,12
윤박최,18
박이정,61
정조최,12
정조정,62
장윤조,55
김윤윤,34
윤임강,15
윤임박,68
이정장,51
조장조,43
강임이,12
김장김,72
이박김,65
정정장,18
임김윤,14
강최이,64
장장이,18
이조윤,36
조김정,53
김윤이,23
박이조,98
최윤조,18
조조윤,63
윤윤정,31
정윤조,43
강이최,49
이윤장,36
조이이,33
조박장,01
최강김,35
최정윤,82
임장정,64
박최최,11
이이김,06
최윤윤,59
강조정,82
윤박최,61
장최최,15
임최윤,77
임박조,61
이조윤,46
정이최,87
김이조,82
윤정정,42
박이박,12
임장강,98
최윤윤,92
조조조,98
윤박박,18
강정윤,72
윤최강,95
조강강,79
정정최,35
강박조,29
조정최,58
조임임,35
강최정,21
강이윤,54
박강최,11
조장최,28
이조조,89
정최이,21
장최박,37
조장정,42
최박최,99
윤장윤,08
최임조,09
윤박최,21
정장최,65
임임박,09
정장이,16
박임최,89
이정최,69
윤윤강,48
윤강장,19
조김이,24
장김강,01
이최임,02
강최정,46
최강장,44
최박김,78
박조박,38
정최강,38
최정장,88
최최강,75
이임김,79
정김김,28
최이최,67
윤조강,79
이조임,23
윤조장,08
박조박,68
강임장,45
조최김,79
박조박,23
정정강,67
임정박,46
임정최,71
강임강,22
박윤이,28
김최강,46
김강윤,59
장장최,63
박조윤,58
장윤임,19
정김장,61
임장조,32
조장장,88
이윤이,03
김최이,18
박윤이,81
정김강,33
장윤장,63
윤정이,56
조이윤,73
박장강,99
조조박,67
이강장,99
장박박,31
임강장,35
조박장,79
박조조,03
정정장,61
김임김,12
최이강,62
장이이,24
임강박,02
윤이임,65
임조정,72
강정박,64
임이강,84
이장최,22
김윤최,18
김박정,57
강강최,87
장임장,89
윤조정,41
윤강조,08
조최윤,17
장김이,51
윤장임,31
이강정,18
임김윤,28
박최장,43
정조임,57
이정장,18
박박장,82
정장박,92
윤이강,94
임정강,79
정윤장,42
이강강,05
정정조,96
이김윤,98
김최임,02
박강박,78
장이임,13
조조정,62
임강윤,35
최조조,48
박강조,87
윤정박,94
정임임,72
윤정박,12
최장장,03
장조김,93
윤강박,53
윤임임,54
강김정,95
이임윤,46
윤장강,04
조최박,42
정박정,86
이윤박,78
최김장,62
정강조,68
박임윤,87
이최윤,08
박박이,31
정윤정,33
강정이,99
이강이,68
윤장이,87
강조장,25
최이최,93
윤최임,58
조강장,25
김강정,18
강장이,46
조조김,82
윤최최,48
조김조,72
임정김,96
강김김,65
박최임,51
박윤최,92
최임박,01
최임강,48
김정장,76
정강강,63
윤조임,48
정김강,08
강박김,77
장김정,48
장장김,54
조박장,44
정최김,46
윤이장,17
장윤장,96
정이이,97
윤강윤,77
박윤조,53
조이김,13
임임조,08
최조김,62
정김장,86
장강김,74
강이최,41
김박정,39
윤장이,38
최윤강,73
김정최,47
윤최정,29
조조윤,89
최정강,63
임강조,15
임장임,69
김박박,15
김김조,59
임이김,98
정장정,89
강조윤,05
윤최장,38
장김최,62
김조김,35
조이윤,71
조정강,31
이박이,91
이정김,19
김정최,47
강정임,26
정정최,69
최박임,01
장김조,58
정이강,19
이장임,86
최이박,89
장최이,41
이임강,13
최최김,62
김정이,44
최장이,42
김이이,79
강장강,84
윤조정,09
조최김,11
이임조,84
최임윤,92
강강임,48
강장장,48
이조윤,04
김이정,31
최윤최,15
최장최,52
조윤장,61
조임최,41
윤최강,02
최강김,47
윤윤조,14
김장장,66
강정임,96
최강이,97
강조이,42
이최강,78
장정윤,19
정장강,08
임조윤,23
정김윤,89
윤김최,69
이임임,84
조박박,49
김박장,51
이강정,64
윤강김,37
이조최,25
정박장,92
조정윤,82
김김이,15
장정정,92
윤김윤,46
조조윤,22
임임이,37
임최조,11
이윤윤,14
최김박,12
강박정,19
임윤박,11
최정조,81
윤박정,86
정이이,98
정최강,15
이조윤,29
윤윤박,79
장강김,35
윤장강,98
임최조,94
윤윤최,49
정김임,93
임최임,43
김정윤,78
윤강윤,79
조최강,01
정정조,04
이윤정,17
임이최,41
박강정,29
조강장,11
정김이,39
조임윤,05
강조박,79
최윤이,48
최조김,24
장윤조,06
김윤이,98
조윤이,48
조정이,73
임조조,52
최윤김,49
강조조,09
조박정,01
윤임정,83
강최조,21
강윤윤,01
강김임,89
임박최,88
윤윤장,88
최임윤,98
강이최,16
조정박,66
조정장,62
임윤임,93
박박김,22
박강정,52
김최이,32
강윤최,54
윤김김,44
조조이,68
정김정,43
윤윤윤,67
임강김,33
장김김,47
박임강,79
임박강,47
최장조,15
이이정,72
윤장강,93
정정장,95
최이박,35
김장정,66
김최장,73
박윤장,83
최조박,51
박박최,37
최김박,88
임장박,01
강박임,37
조김이,58
정박이,58
최임조,27
장임최,49
정임강,91
강최조,74
강조강,58
임장강,71
박임최,42
조김윤,21
이장박,79
윤윤최,07
박이임,94
윤장최,81
김강이,79
임박이,19
강윤조,58
장최강,67
정임이,58
정이장,23
최임강,99
장김최,47
임윤강,41
장김김,33
이박정,78
장최임,09
조윤김,03
이정강,65
이임최,19
김강정,09
김장장,42
조이이,89
이임최,41
김이임,75
조최최,51
임정이,88
윤최이,08
최강이,26
장조조,52
박조장,61
조이정,15
박임임,48
최강장,27
강장박,76
이조이,79
최조윤,06
최조강,74
정장윤,48
최정윤,38
이박임,68
임최정,68
강이이,92
최윤이,66
장최정,79
조김조,68
조윤강,92
장정이,61
장정윤,41
박조임,99
장박강,26
윤장강,15
정최장,19
임윤강,66
최임정,08
정정이,81
최강장,08
윤임정,22
조강임,41
정장조,99
조김임,52
강장윤,12
장김강,44
이강이,31
조윤최,62
최최강,38
윤장장,52
정조박,32
장강강,83
정윤이,53
이이임,61
최장정,74
윤박김,55
이김이,03
강박최,16
조윤김,01
윤김장,05
강윤강,09
박강최,33
최박장,07
장정장,42
임박박,07
최강정,76
박박정,28
정최이,67
장조임,54
최윤최,26
박임강,83
장강이,19
김윤임,93
조강박,04
장정조,18
이김조,81
조장윤,48
박김조,51
이정윤,78
김조장,35
김김최,44
김김강,19
김최임,47
이장장,69
조최최,68
정최임,62
정김이,97
김정장,46
조장박,08
장최윤,94
정임이,89
장정임,71
이강윤,17
장이임,21
조강조,88
김박윤,98
최정박,89
김윤이,52
이강최,02
장김최,56
정임박,61
장윤박,14
정박정,64
강최강,32
강윤정,51
이최박,69
김윤박,43
윤김정,69
강최임,72
조정정,44
장강강,38
최최이,51
강정조,91
정임장,69
정박이,61
강조김,75
강조강,92
최박이,89
이강윤,07
장박정,08
이임이,82
김강임,53
이임이,53
장윤장,32
장강이,91
정임박,59
최최임,08
박윤조,97
박이이,03
최임임,28
조강이,19
강윤윤,29
임장장,66
임김박,69
윤윤김,12
정강임,52
조윤이,81
강윤윤,08
조최박,66
최조장,52
강최조,46
임정윤,04
박김정,51
장정장,14
윤임최,59
장윤임,35
윤장장,42
윤조최,43
정조장,13
장강이,46
이김장,08
강김강,24
윤박장,91
정최이,48
장박김,28
임조장,49
정강최,51
윤윤조,92
윤박이,86
임김최,14
조임이,22
윤최이,86
조박강,73
김조이,12
박조김,21
임강조,32
정강박,91
조강임,31
정최박,88
김장이,97
장조최,98
정조김,95
이이조,39
박윤이,87
임윤정,78
임정장,92
임이최,62
조조강,49
윤정장,52
조이강,93
강정장,81
박장임,59
임임조,09
박정윤,39
강강정,88
박김조,02
정강최,28
강최윤,63
김윤조,89
조임최,79
장윤강,48
장이정,81
김박정,21
조최김,72
임강장,52
임윤강,32
임임조,77
강강박,49
정임임,43
정조윤,34
조임강,83
윤정강,73
장김김,88
임조이,03
조이이,02
박최조,58
김박박,72
박강강,69
김임이,99
이임장,08
윤조장,89
조김정,61
정임강,55
최임박,68
이정조,17
윤강정,83
조정최,19
정강윤,31
정임장,32
박정이,39
장강이,99
장윤임,14
박강박,67
임김김,19
김장장,64
강장장,46
강박윤,29
윤김조,55
김강박,12
조임이,07
장윤최,33
이최최,28
김임강,52
조이윤,42
김이임,99
최김조,11
조강윤,82
최이정,68
조최이,57
박김정,74
최조김,59
이조김,37
이장최,01
장정임,21
윤박김,73
강정정,32
장최임,24
강김이,36
임장조,22
정최최,18
윤윤정,06
최임조,48
최정강,83
윤강조,43
이정이,08
장정윤,04
장정김,51
정최김,61
김장강,02
임정이,98
강장박,94
임김강,86
정정임,56
정이이,09
임임박,62
이이조,64
임김이,26
윤이윤,58
박장김,28
임최이,62
조이김,33
임정임,32
박박강,44
박임김,32
장김임,72
윤윤이,12
윤김장,42
박강최,79
정강윤,41
김정김,96
최이장,25
이강박,71
김정김,48
임정이,27
정윤이,15